fighter_name,weight_lbs,height_cms,stance
Henry Cejudo,135.0,162.56,Orthodox
Tony Ferguson,155.0,180.34,Orthodox
Jimmie Rivera,135.0,162.56,Orthodox
Tai Tuivasa,264.0,187.96,Southpaw
Aljamain Sterling,135.0,170.18,Orthodox
Ricardo Lamas,145.0,172.72,Orthodox
Bevon Lewis,185.0,190.5,Orthodox
Eddie Wineland,135.0,170.18,Orthodox
Alexander Gustafsson,205.0,195.58,Orthodox
Jimi Manuwa,205.0,185.42,Orthodox
Makwan Amirkhani,145.0,177.8,Southpaw
Damir Hadzovic,155.0,175.26,Orthodox
Daniel Teymur,145.0,165.1,Orthodox
Rostem Akman,170.0,177.8,Switch
Stevie Ray,155.0,177.8,Southpaw
Nick Hein,155.0,167.64,Southpaw
Darko Stosic,205.0,182.88,Orthodox
Joel Alvarez,155.0,190.5,Orthodox
Rafael Dos Anjos,170.0,172.72,Southpaw
Antonio Carlos Junior,185.0,187.96,Orthodox
Vicente Luque,170.0,180.34,Orthodox
Charles Oliveira,155.0,177.8,Orthodox
Davi Ramos,155.0,167.64,Orthodox
Desmond Green,155.0,177.8,Southpaw
Danny Roberts,170.0,185.42,Southpaw
Michael Trizano,155.0,180.34,Orthodox
Patrick Cummins,205.0,187.96,Orthodox
Zak Cummings,185.0,182.88,Southpaw
Julio Arce,145.0,170.18,Southpaw
Jared Cannonier,185.0,180.34,Switch
Jose Aldo,145.0,170.18,Orthodox
Thiago Alves,170.0,175.26,Orthodox
Rogerio Nogueira,205.0,187.96,Southpaw
Thiago Moises,155.0,175.26,Orthodox
Warlley Alves,170.0,180.34,Orthodox
BJ Penn,155.0,175.26,Orthodox
Raoni Barcelos,135.0,170.18,Orthodox
Al Iaquinta,155.0,177.8,Orthodox
Derek Brunson,185.0,185.42,Southpaw
Cub Swanson,145.0,172.72,Orthodox
Brad Katona,135.0,167.64,Orthodox
Walt Harris,250.0,195.58,Southpaw
Marc-Andre Barriault,185.0,185.42,Orthodox
Aiemann Zahabi,135.0,172.72,Orthodox
Nordine Taleb,170.0,185.42,Orthodox
Kyle Nelson,155.0,180.34,Switch
Arjan Bhullar,245.0,185.42,Orthodox
Mitch Gagnon,135.0,165.1,Southpaw
Jacare Souza,185.0,185.42,Orthodox
Greg Hardy,265.0,195.58,Orthodox
Alex Oliveira,170.0,180.34,Orthodox
Glover Teixeira,205.0,187.96,Orthodox
John Lineker,135.0,160.02,Orthodox
Roosevelt Roberts,155.0,187.96,Orthodox
Ben Saunders,170.0,187.96,Orthodox
Andrei Arlovski,240.0,190.5,Orthodox
Gilbert Burns,155.0,177.8,Orthodox
Jim Miller,155.0,172.72,Southpaw
Court McGee,170.0,180.34,Orthodox
Alistair Overeem,265.0,193.04,Orthodox
Islam Makhachev,155.0,177.8,Orthodox
Sergei Pavlovich,257.0,190.5,Southpaw
Krzysztof Jotko,185.0,185.42,Southpaw
Movsar Evloev,145.0,170.18,Orthodox
Sultan Aliev,170.0,180.34,Orthodox
Alexander Yakovlev,155.0,190.5,Southpaw
Marcin Tybura,249.0,190.5,Orthodox
Gadzhimurad Antigulov,205.0,180.34,Orthodox
Magomed Mustafaev,155.0,172.72,Orthodox
Max Holloway,155.0,180.34,Orthodox
Kelvin Gastelum,185.0,175.26,Southpaw
Eryk Anders,185.0,185.42,Southpaw
Alan Jouban,170.0,182.88,Southpaw
Ovince Saint Preux,205.0,190.5,Southpaw
Jalin Turner,155.0,190.5,Southpaw
Wilson Reis,125.0,162.56,Southpaw
Max Griffin,170.0,180.34,Orthodox
Boston Salmon,135.0,175.26,Southpaw
Curtis Millender,170.0,187.96,Orthodox
Montel Jackson,135.0,177.8,Southpaw
Brandon Davis,135.0,177.8,Orthodox
Edson Barboza,155.0,180.34,Orthodox
David Branch,185.0,185.42,Orthodox
Josh Emmett,145.0,167.64,Orthodox
Kennedy Nzechukwu,202.0,187.13,Orthodox
Sodiq Yusuff,145.0,175.26,Orthodox
Ross Pearson,155.0,172.72,Orthodox
Enrique Barzola,145.0,170.18,Orthodox
Kevin Holland,185.0,190.5,Orthodox
Ray Borg,135.0,162.56,Orthodox
Alex Perez,135.0,167.64,Orthodox
Stephen Thompson,170.0,182.88,Orthodox
Curtis Blaydes,265.0,193.04,Orthodox
John Makdessi,155.0,172.72,Orthodox
Jussier Formiga,125.0,165.1,Orthodox
Luis Pena,155.0,190.5,Southpaw
Bryce Mitchell,145.0,177.8,Southpaw
Marlon Vera,135.0,172.72,Switch
Ryan MacDonald,135.0,180.34,Switch
Eric Shelton,125.0,167.64,Orthodox
Darren Till,170.0,182.88,Southpaw
Leon Edwards,170.0,182.88,Southpaw
Volkan Oezdemir,205.0,187.96,Orthodox
Nathaniel Wood,135.0,167.64,Orthodox
Jack Marshman,185.0,182.88,Orthodox
Arnold Allen,145.0,172.72,Southpaw
Marc Diakiese,155.0,177.8,Orthodox
Nicolae Negumereanu,205.0,182.88,Orthodox
Danny Henry,145.0,182.88,Orthodox
Mike Grundy,145.0,170.18,Orthodox
Derrick Lewis,260.0,190.5,Orthodox
Elizeu Zaleski dos Santos,170.0,180.34,Orthodox
Tim Means,170.0,187.96,Orthodox
Blagoy Ivanov,250.0,180.34,Southpaw
Beneil Dariush,155.0,177.8,Southpaw
Tim Boetsch,185.0,182.88,Orthodox
Anthony Rocco Martin,170.0,182.88,Orthodox
Grant Dawson,145.0,177.8,Switch
Maurice Greene,258.0,200.66,Orthodox
Louis Smolka,135.0,175.26,Orthodox
Alex Morono,170.0,180.34,Orthodox
Alex White,155.0,182.88,Southpaw
Jon Jones,205.0,193.04,Orthodox
Tyron Woodley,170.0,175.26,Orthodox
Robbie Lawler,170.0,180.34,Southpaw
Cody Garbrandt,135.0,172.72,Orthodox
Jeremy Stephens,145.0,172.72,Orthodox
Misha Cirkunov,205.0,190.5,Orthodox
Cody Stamann,135.0,167.64,Orthodox
Diego Sanchez,170.0,177.8,Southpaw
Edmen Shahbazyan,185.0,187.96,Orthodox
Jan Blachowicz,205.0,187.96,Orthodox
Stefan Struve,265.0,210.82,Orthodox
Gian Villante,205.0,190.5,Orthodox
John Dodson,135.0,160.02,Orthodox
Magomed Ankalaev,205.0,190.5,Orthodox
Dwight Grant,170.0,185.42,Switch
Michel Prazeres,170.0,167.64,Orthodox
Rustam Khabilov,155.0,172.72,Orthodox
Damir Ismagulov,155.0,177.8,Orthodox
Francis Ngannou,250.0,193.04,Orthodox
James Vick,155.0,190.5,Orthodox
Alex Caceres,145.0,177.8,Southpaw
Andre Fili,145.0,180.34,Orthodox
Benito Lopez,135.0,177.8,Switch
Scott Holtzman,155.0,175.26,Orthodox
Renan Barao,135.0,167.64,Orthodox
Israel Adesanya,185.0,193.04,Switch
Lando Vannata,155.0,175.26,Orthodox
Rani Yahya,135.0,167.64,Orthodox
Jimmy Crute,205.0,187.96,Orthodox
Devonte Smith,155.0,175.26,Orthodox
Shane Young,145.0,172.72,Orthodox
Kai Kara-France,125.0,165.1,Orthodox
Teruto Ishihara,135.0,170.18,Southpaw
Callan Potter,155.0,182.88,Orthodox
Wuliji Buren,135.0,175.26,Orthodox
Raphael Assuncao,135.0,165.1,Orthodox
Demian Maia,170.0,185.42,Southpaw
Johnny Walker,205.0,195.58,Orthodox
Markus Perez,185.0,185.42,Orthodox
Junior Albini,264.0,190.5,Orthodox
Geraldo de Freitas,135.0,175.26,Orthodox
Ricardo Ramos,135.0,175.26,Orthodox
Magomed Bibulatov,125.0,165.1,Orthodox
Gregor Gillespie,155.0,170.18,Orthodox
Joseph Benavidez,125.0,162.56,Southpaw
Alexander Hernandez,155.0,175.26,Orthodox
Alonzo Menifield,205.0,182.88,Orthodox
Cory Sandhagen,135.0,180.34,Switch
Dennis Bermudez,155.0,167.64,Orthodox
Belal Muhammad,170.0,180.34,Orthodox
Kyle Stewart,170.0,187.96,Orthodox
Carlos Condit,170.0,187.96,Orthodox
Ilir Latifi,205.0,177.8,Orthodox
Chad Mendes,145.0,167.64,Orthodox
Douglas Silva de Andrade,135.0,170.18,Orthodox
Uriah Hall,185.0,182.88,Orthodox
Brian Kelleher,135.0,167.64,Switch
Kevin Lee,170.0,175.26,Orthodox
Rob Font,135.0,172.72,Orthodox
Zak Ottow,170.0,180.34,Orthodox
Bobby Green,155.0,177.8,Orthodox
Jared Gordon,155.0,175.26,Orthodox
Gerald Meerschaert,185.0,185.42,Southpaw
Trevor Smith,185.0,190.5,Orthodox
Dan Ige,145.0,170.18,Orthodox
Adam Milstead,205.0,190.5,Orthodox
Chris de la Rocha,250.0,190.5,Orthodox
Hakeem Dawodu,145.0,172.72,Orthodox
Olivier Aubin-Mercier,155.0,175.26,Southpaw
Elias Theodorou,185.0,185.42,Orthodox
Chad Laprise,170.0,177.8,Orthodox
Diego Ferreira,155.0,175.26,Orthodox
Devin Clark,205.0,182.88,Orthodox
Junior Dos Santos,238.0,193.04,Orthodox
Mauricio Rua,205.0,185.42,Orthodox
Mark Hunt,265.0,177.8,Orthodox
Jake Matthews,170.0,180.34,Orthodox
Suman Mokhtarian,145.0,177.8,Orthodox
Yushin Okami,170.0,187.96,Southpaw
Keita Nakamura,170.0,180.34,Southpaw
Elias Garcia,125.0,165.1,Southpaw
Mizuto Hirota,155.0,170.18,Orthodox
Alex Gorgees,155.0,187.96,Switch
Juan Espino,250.0,193.04,Orthodox
Pedro Munhoz,135.0,167.64,Orthodox
Darren Stewart,185.0,182.88,Orthodox
Rick Glenn,145.0,182.88,Southpaw
Song Yadong,135.0,172.72,Orthodox
Li Jingliang,170.0,182.88,Orthodox
Song Kenan,170.0,182.88,Orthodox
Hu Yaozong,205.0,190.5,Orthodox
Liu Pingyuan,135.0,167.64,Orthodox
Su Mudaerji,135.0,172.72,Southpaw
Neil Magny,170.0,190.5,Orthodox
Khalil Rountree Jr.,205.0,185.42,Southpaw
Cezar Ferreira,185.0,185.42,Southpaw
Guido Cannetti,135.0,167.64,Southpaw
Alexandre Pantoja,125.0,165.1,Orthodox
Humberto Bandenay,145.0,180.34,Southpaw
Laureano Staropoli,170.0,185.42,Orthodox
Devin Powell,155.0,182.88,Orthodox
Nad Narimani,145.0,172.72,Orthodox
Chan Sung Jung,145.0,170.18,Orthodox
Donald Cerrone,155.0,185.42,Orthodox
Chas Skelly,145.0,180.34,Orthodox
Joseph Morales,125.0,167.64,Switch
Mark De La Rosa,135.0,167.64,Orthodox
Daniel Cormier,235.0,180.34,Orthodox
Chris Weidman,185.0,187.96,Orthodox
Karl Roberson,205.0,185.42,Southpaw
Jason Knight,145.0,177.8,Orthodox
Lyman Good,170.0,182.88,Orthodox
Matt Frevola,155.0,175.26,Orthodox
Shane Burgos,145.0,180.34,Orthodox
Adam Wieczorek,250.0,195.58,Orthodox
Michael Johnson,145.0,177.8,Southpaw
Andre Soukhamthath,135.0,175.26,Orthodox
Alex Garcia,170.0,175.26,Orthodox
Thibault Gouti,155.0,177.8,Orthodox
Calvin Kattar,145.0,180.34,Orthodox
Te Edwards,155.0,172.72,Orthodox
Khabib Nurmagomedov,155.0,177.8,Orthodox
Sergio Pettis,135.0,167.64,Orthodox
Gray Maynard,155.0,175.26,Orthodox
Ryan LaFlare,170.0,185.42,Southpaw
Thiago Santos,205.0,187.96,Orthodox
Sam Alvey,205.0,187.96,Southpaw
Francisco Trinaldo,155.0,175.26,Southpaw
Luis Henrique,243.0,187.96,Orthodox
Augusto Sakai,265.0,190.5,Orthodox
Sergio Moraes,170.0,182.88,Orthodox
Thales Leites,185.0,185.42,Orthodox
Aleksei Kunchenko,170.0,172.72,Orthodox
Khalid Murtazaliev,185.0,182.88,Orthodox
Petr Yan,135.0,170.18,Switch
Mairbek Taisumov,155.0,175.26,Orthodox
Adam Yandiev,185.0,175.26,Orthodox
Ramazan Emeev,170.0,177.8,Southpaw
Merab Dvalishvili,135.0,167.64,Orthodox
Zabit Magomedsharipov,145.0,185.42,Orthodox
Abdul Razak Alhassan,170.0,177.8,Orthodox
Geoff Neal,170.0,180.34,Southpaw
Charles Byrd,185.0,177.8,Orthodox
Roberto Sanchez,125.0,167.64,Orthodox
Justin Gaethje,155.0,180.34,Orthodox
Jake Ellenberger,170.0,175.26,Orthodox
John Moraga,125.0,167.64,Orthodox
James Krause,170.0,187.96,Orthodox
Andrew Sanchez,185.0,185.42,Orthodox
Mickey Gall,170.0,187.96,Switch
Drew Dober,155.0,172.72,Southpaw
TJ Dillashaw,125.0,167.64,Orthodox
Demetrious Johnson,125.0,160.02,Orthodox
Ricky Simon,135.0,167.64,Orthodox
Matt Sayles,145.0,170.18,Orthodox
Eddie Alvarez,155.0,175.26,Orthodox
Jordan Mein,170.0,182.88,Orthodox
Kajan Johnson,155.0,180.34,Orthodox
Dustin Ortiz,125.0,165.1,Orthodox
Vitor Miranda,185.0,185.42,Orthodox
Nasrat Haqparast,155.0,177.8,Southpaw
Emil Meek,170.0,180.34,Switch
Khalid Taha,135.0,165.1,Orthodox
Justin Ledet,205.0,193.04,Orthodox
Davey Grant,135.0,172.72,Orthodox
Jeremy Kimball,205.0,182.88,Switch
Damian Stasiak,135.0,165.1,Orthodox
Sage Northcutt,170.0,182.88,Orthodox
Randy Brown,170.0,190.5,Orthodox
Myles Jury,145.0,177.8,Orthodox
Darren Elkins,145.0,177.8,Orthodox
Justin Scoggins,125.0,170.18,Southpaw
Kurt Holobaugh,155.0,180.34,Orthodox
Stipe Miocic,240.0,193.04,Orthodox
Paul Felder,155.0,180.34,Orthodox
Michael Chiesa,170.0,185.42,Southpaw
Gokhan Saki,205.0,182.88,Orthodox
Dan Hooker,155.0,182.88,Switch
Brad Tavares,185.0,185.42,Orthodox
Jay Cucciniello,155.0,170.18,Orthodox
Alessio Di Chirico,185.0,182.88,Orthodox
John Gunther,155.0,175.26,Orthodox
Tyler Diamond,145.0,170.18,Orthodox
Matt Bessette,145.0,177.8,Orthodox
Felipe Arantes,135.0,172.72,Orthodox
Rolando Dy,145.0,172.72,Orthodox
Shinsho Anzai,170.0,170.18,Orthodox
Matt Schnell,135.0,172.72,Orthodox
Jenel Lausa,125.0,165.1,Orthodox
Robert Whittaker,185.0,182.88,Orthodox
CM Punk,170.0,185.42,Orthodox
Rashad Coulter,205.0,180.34,Orthodox
Rashad Evans,205.0,182.88,Orthodox
Clay Guida,155.0,170.18,Orthodox
Mike Santiago,145.0,177.8,Orthodox
Nik Lentz,155.0,172.72,Orthodox
Johnny Eduardo,135.0,170.18,Orthodox
Jarred Brooks,125.0,160.02,Switch
Claudio Silva,170.0,180.34,Southpaw
Eric Spicely,185.0,185.42,Orthodox
Daniel Kelly,185.0,182.88,Southpaw
Bradley Scott,170.0,185.42,Orthodox
Diego Rivas,145.0,172.72,Orthodox
Brandon Moreno,125.0,170.18,Orthodox
Gabriel Benitez,145.0,172.72,Southpaw
Henry Briones,135.0,172.72,Orthodox
Claudio Puelles,155.0,180.34,Southpaw
Vitor Belfort,185.0,182.88,Southpaw
Aleksei Oleinik,240.0,187.96,Orthodox
Alberto Mina,170.0,182.88,Orthodox
Frankie Edgar,145.0,167.64,Orthodox
Justin Willis,264.0,185.42,Southpaw
Siyar Bahadurzada,170.0,180.34,Orthodox
Corey Anderson,205.0,190.5,Orthodox
Dustin Poirier,155.0,175.26,Southpaw
Muslim Salikhov,170.0,180.34,Orthodox
Dhiego Lima,170.0,187.96,Orthodox
Matthew Lopez,135.0,170.18,Southpaw
Luke Sanders,135.0,167.64,Southpaw
Renato Moicano,145.0,180.34,Orthodox
Joe Lauzon,155.0,177.8,Orthodox
Evan Dunham,155.0,177.8,Southpaw
Fabricio Werdum,231.0,193.04,Orthodox
Tom Duquesnoy,135.0,170.18,Orthodox
John Phillips,185.0,180.34,Southpaw
Paul Craig,205.0,190.5,Orthodox
Mark Godbeer,240.0,193.04,Orthodox
Sean O'Malley,135.0,180.34,Switch
CB Dollaway,185.0,187.96,Orthodox
Mike Pyle,170.0,182.88,Orthodox
Bryan Caraway,135.0,172.72,Orthodox
Jordan Johnson,205.0,187.96,Orthodox
Mike Perry,170.0,177.8,Orthodox
Albert Morales,135.0,175.26,Orthodox
Steven Peterson,145.0,177.8,Orthodox
Joshua Burkman,170.0,177.8,Orthodox
Oskar Piechota,185.0,182.88,Southpaw
Yoel Romero,185.0,182.88,Southpaw
Tyson Pedro,205.0,190.5,Orthodox
Damien Brown,155.0,177.8,Orthodox
Rob Wilkinson,185.0,190.5,Orthodox
Alexander Volkanovski,145.0,167.64,Orthodox
Luke Jumeau,170.0,180.34,Orthodox
Lyoto Machida,185.0,185.42,Southpaw
Tim Johnson,265.0,190.5,Southpaw
Alan Patrick,155.0,180.34,Southpaw
Iuri Alcantara,135.0,175.26,Southpaw
Deiveson Figueiredo,125.0,165.1,Orthodox
Jordan Rinaldi,145.0,177.8,Orthodox
Erik Koch,155.0,177.8,Southpaw
Mirsad Bektic,145.0,172.72,Orthodox
Vinc Pichel,155.0,177.8,Orthodox
Niko Price,170.0,182.88,Orthodox
Austin Arnett,145.0,182.88,Orthodox
Thomas Almeida,135.0,170.18,Southpaw
Kyle Bochniak,145.0,170.18,Orthodox
Sabah Homasi,170.0,182.88,Orthodox
Kamaru Usman,170.0,182.88,Switch
Kyung Ho Kang,135.0,175.26,Orthodox
Mads Burnell,145.0,172.72,Orthodox
Marvin Vettori,185.0,182.88,Southpaw
Tim Elliott,135.0,170.18,Southpaw
Santiago Ponzinibbio,170.0,182.88,Orthodox
Julian Marquez,185.0,187.96,Orthodox
Marlon Moraes,135.0,167.64,Orthodox
Carls John De Tomas,125.0,165.1,Southpaw
Frankie Saenz,135.0,167.64,Orthodox
Alejandro Perez,135.0,167.64,Orthodox
Chris Gruetzemacher,155.0,172.72,Orthodox
Antonio Braga Neto,185.0,190.5,Orthodox
David Teymur,155.0,175.26,Southpaw
Joe Soto,135.0,167.64,Orthodox
Michael Bisping,185.0,185.42,Orthodox
Wang Guan,145.0,175.26,Orthodox
Chase Sherman,250.0,193.04,Orthodox
Cyril Asker,247.0,182.88,Orthodox
Ryan Benoit,125.0,165.1,Orthodox
Anthony Hamilton,260.0,195.58,Orthodox
Matt Brown,170.0,182.88,Orthodox
Nate Marquardt,185.0,182.88,Orthodox
Jake Collier,205.0,190.5,Orthodox
Johny Hendricks,185.0,175.26,Southpaw
Hacran Dias,155.0,172.72,Orthodox
Marcelo Golm,249.0,190.5,Orthodox
Marcin Held,155.0,175.26,Orthodox
Artem Lobov,145.0,175.26,Southpaw
Salim Touahri,170.0,177.8,Orthodox
Takanori Gomi,155.0,170.18,Southpaw
Daichi Abe,170.0,180.34,Orthodox
Luke Rockhold,185.0,190.5,Southpaw
Hector Lombard,185.0,175.26,Southpaw
Jason Saggo,155.0,180.34,Orthodox
Gavin Tucker,145.0,167.64,Southpaw
Mitch Clarke,155.0,177.8,Orthodox
Alexander Volkov,250.0,200.66,Orthodox
Francimar Barroso,205.0,185.42,Orthodox
Bojan Mihajlovic,205.0,180.34,Orthodox
Martin Bravo,145.0,172.72,Southpaw
Jose Quinonez,135.0,172.72,Orthodox
Alvaro Herrera,155.0,182.88,Orthodox
Brian Ortega,145.0,172.72,Switch
Rafael Natal,185.0,182.88,Orthodox
Damian Grabowski,241.0,185.42,Orthodox
Frankie Perez,155.0,180.34,Orthodox
Gunnar Nelson,170.0,180.34,Switch
James Mulheron,243.0,177.8,Orthodox
Charlie Ward,170.0,180.34,Orthodox
Brett Johns,135.0,170.18,Orthodox
Daniel Omielanczuk,247.0,182.88,Southpaw
Anthony Pettis,170.0,177.8,Orthodox
Travis Browne,255.0,198.12,Orthodox
Trevin Giles,185.0,182.88,Orthodox
Ed Herman,205.0,185.42,Orthodox
Josh Stansbury,205.0,187.96,Orthodox
Dong Hyun Kim,170.0,187.96,Southpaw
Tarec Saffiedine,170.0,177.8,Switch
Kwan Ho Kwak,135.0,165.1,Switch
Naoki Inoue,125.0,175.26,Orthodox
Ion Cutelaba,205.0,185.42,Southpaw
Kiichi Kunimoto,170.0,177.8,Orthodox
Paulo Costa,185.0,185.42,Orthodox
Erick Silva,170.0,182.88,Orthodox
Luan Chagas,170.0,182.88,Orthodox
Peter Sobotta,170.0,182.88,Southpaw
Oliver Enkamp,170.0,182.88,Switch
Jack Hermansson,185.0,185.42,Orthodox
Reza Madadi,155.0,180.34,Orthodox
Nico Musoke,170.0,182.88,Orthodox
Joachim Christensen,205.0,190.5,Orthodox
Bryan Barberena,170.0,182.88,Southpaw
Hector Sandoval,125.0,157.48000000000005,Orthodox
Patrick Williams,135.0,172.72,Orthodox
Anthony Smith,205.0,193.04,Orthodox
Will Brooks,155.0,177.8,Orthodox
Brad Pickett,135.0,167.64,Orthodox
Joe Duffy,155.0,177.8,Orthodox
Rony Jason,145.0,170.18,Orthodox
Garreth McLellan,185.0,185.42,Southpaw
Sam Sicilia,145.0,172.72,Orthodox
Anderson Silva,185.0,187.96,Southpaw
Abel Trujillo,155.0,172.72,Orthodox
Daniel Jolly,205.0,185.42,Orthodox
Bobby Nash,170.0,182.88,Orthodox
Henrique da Silva,205.0,190.5,Orthodox
Marcos Rogerio de Lima,253.0,185.42,Orthodox
Jason Gonzalez,155.0,187.96,Southpaw
Yair Rodriguez,145.0,180.34,Orthodox
Dmitrii Smoliakov,253.0,187.96,Switch
Dominick Cruz,135.0,172.72,Orthodox
Brandon Thatch,170.0,187.96,Switch
Urijah Faber,135.0,167.64,Orthodox
Cole Miller,145.0,185.42,Orthodox
James Moontasri,170.0,177.8,Switch
Bojan Velickovic,170.0,182.88,Southpaw
Tim Kennedy,185.0,180.34,Orthodox
Nikita Krylov,205.0,190.5,Orthodox
Zach Makovsky,125.0,162.56,Southpaw
Joe Gigliotti,185.0,180.34,Orthodox
Tiago Trator,145.0,175.26,Orthodox
Keith Berish,205.0,182.88,Orthodox
Dong Hyun Ma,155.0,180.34,Orthodox
Elvis Mutapcic,185.0,182.88,Orthodox
Kyle Noke,170.0,185.42,Southpaw
Yusuke Kasuya,155.0,170.18,Southpaw
Richard Walsh,170.0,182.88,Orthodox
Ben Nguyen,125.0,165.1,Switch
Yao Zhikui,125.0,165.1,Orthodox
Ryan Bader,205.0,187.96,Orthodox
Gegard Mousasi,185.0,187.96,Orthodox
Magnus Cedenblad,185.0,195.58,Orthodox
Kyoji Horiguchi,125.0,165.1,Orthodox
Erik Perez,135.0,172.72,Orthodox
Marco Beltran,125.0,172.72,Orthodox
Erick Montano,170.0,182.88,Orthodox
Polo Reyes,155.0,180.34,Orthodox
Lukasz Sajewski,155.0,172.72,Orthodox
Leonardo Santos,155.0,182.88,Orthodox
Shamil Abdurakhimov,235.0,190.5,Orthodox
Jonathan Wilson,205.0,187.96,Southpaw
Cody East,245.0,190.5,Orthodox
Cris Cyborg,145.0,172.72,Orthodox
Roy Nelson,263.0,182.88,Orthodox
Godofredo Pepey,145.0,170.18,Orthodox
Glaico Franca,155.0,182.88,Orthodox
Roan Carneiro,170.0,180.34,Orthodox
Chris Wade,155.0,177.8,Orthodox
Augusto Montano,170.0,185.42,Orthodox
Yancy Medeiros,155.0,177.8,Orthodox
Jessin Ayari,155.0,182.88,Orthodox
Taylor Lapilus,135.0,167.64,Southpaw
Jarjis Danho,265.0,190.5,Orthodox
Scott Askham,185.0,190.5,Southpaw
Shane Campbell,155.0,182.88,Orthodox
Jeremy Kennedy,145.0,180.34,Orthodox
Nate Diaz,170.0,182.88,Southpaw
Anthony Johnson,205.0,187.96,Orthodox
Rick Story,170.0,175.26,Southpaw
Hyun Gyu Lim,170.0,190.5,Orthodox
Colby Covington,170.0,180.34,Orthodox
Alberto Uda,185.0,190.5,Orthodox
Viktor Pesta,240.0,190.5,Orthodox
Francisco Rivera,135.0,172.72,Orthodox
Michael Graves,170.0,177.8,Orthodox
Cesar Arzamendia,155.0,180.34,Orthodox
Jim Alers,145.0,175.26,Orthodox
Michael McDonald,135.0,175.26,Orthodox
Brock Lesnar,265.0,190.5,Orthodox
Cain Velasquez,240.0,185.42,Orthodox
Dooho Choi,145.0,177.8,Orthodox
Joaquim Silva,155.0,172.72,Orthodox
Cory Hendricks,205.0,190.5,Orthodox
Anthony Birchak,135.0,172.72,Orthodox
Russell Doane,135.0,170.18,Orthodox
Rory MacDonald,170.0,182.88,Orthodox
Steve Bosse,205.0,180.34,Orthodox
Tamdan McCrory,185.0,193.04,Switch
Chris Beal,125.0,170.18,Orthodox
Ali Bagautinov,125.0,162.56,Orthodox
Dan Henderson,185.0,180.34,Orthodox
Sean Strickland,170.0,185.42,Orthodox
Kevin Casey,185.0,180.34,Southpaw
Chris Camozzi,185.0,187.96,Orthodox
Jorge Masvidal,170.0,180.34,Orthodox
Antonio Silva,264.0,193.04,Orthodox
Albert Tumenov,170.0,180.34,Orthodox
Jon Tuck,155.0,180.34,Orthodox
Yan Cabral,155.0,180.34,Orthodox
Ulka Sasaki,125.0,177.8,Southpaw
Efrain Escudero,155.0,175.26,Orthodox
Oluwale Bamgbose,185.0,180.34,Switch
Ben Rothwell,265.0,193.04,Orthodox
Igor Pokrajac,205.0,182.88,Orthodox
Nicolas Dalby,170.0,180.34,Orthodox
Ian Entwistle,135.0,165.1,Orthodox
Filip Pejic,135.0,172.72,Orthodox
Rob Whiteford,145.0,175.26,Southpaw
James Te Huna,185.0,187.96,Orthodox
Brendan O'Reilly,170.0,170.18,Orthodox
Conor McGregor,155.0,175.26,Southpaw
Julian Erosa,145.0,185.42,Southpaw
Tom Breese,185.0,190.5,Southpaw
Mike Wilkinson,145.0,170.18,Orthodox
Norman Parke,155.0,180.34,Orthodox
Teemu Packalen,155.0,185.42,Orthodox
Daniel Sarafian,185.0,175.26,Orthodox
Jonavin Webb,170.0,177.8,Orthodox
Noad Lahat,145.0,175.26,Orthodox
Josh Barnett,250.0,190.5,Orthodox
George Sullivan,170.0,182.88,Orthodox
Matt Dwyer,170.0,193.04,Orthodox
Damon Jackson,145.0,180.34,Switch
Patrick Cote,170.0,180.34,Orthodox
Maximo Blanco,145.0,172.72,Orthodox
Charles Rosa,145.0,175.26,Switch
Lorenz Larkin,170.0,180.34,Orthodox
Diego Brandao,145.0,170.18,Orthodox
Sheldon Westcott,170.0,185.42,Southpaw
Josh Samman,185.0,190.5,Orthodox
Hayder Hassan,170.0,177.8,Orthodox
Joe Proctor,155.0,177.8,Orthodox
Tatsuya Kawajiri,145.0,170.18,Orthodox
Gabriel Gonzaga,242.0,187.96,Orthodox
Joby Sanchez,135.0,167.64,Orthodox
Omari Akhmedov,185.0,182.88,Orthodox
Zubaira Tukhugov,145.0,172.72,Orthodox
Benson Henderson,170.0,175.26,Southpaw
Yoshihiro Akiyama,170.0,177.8,Orthodox
Dongi Yang,185.0,177.8,Southpaw
Yui Chul Nam,145.0,175.26,Orthodox
Tae Hyun Bang,155.0,175.26,Switch
Ning Guangyou,145.0,162.56,Southpaw
Dominique Steele,170.0,177.8,Orthodox
Horacio Gutierrez,145.0,177.8,Orthodox
Hector Urbina,170.0,180.34,Orthodox
Vernon Ramos,170.0,167.64,Orthodox
Valmir Lazaro,155.0,182.88,Orthodox
Anthony Perosh,205.0,190.5,Orthodox
Richie Vaculik,125.0,167.64,Orthodox
Fabio Maldonado,205.0,185.42,Orthodox
Gleison Tibau,155.0,177.8,Southpaw
Kevin Souza,145.0,182.88,Orthodox
Viscardi Andrade,170.0,180.34,Orthodox
Bruno Korea,135.0,167.64,Orthodox
Paddy Holohan,125.0,177.8,Orthodox
Neil Seery,125.0,162.56,Orthodox
Cathal Pendred,170.0,185.42,Orthodox
Bubba Bush,185.0,182.88,Orthodox
Shawn Jordan,260.0,182.88,Southpaw
Adriano Martins,155.0,177.8,Southpaw
Francisco Trevino,155.0,175.26,Orthodox
Chris Cariaso,125.0,160.02,Southpaw
Takeya Mizugaki,135.0,170.18,Orthodox
Katsunori Kikuno,145.0,172.72,Orthodox
Naoyuki Kotani,155.0,172.72,Southpaw
Clay Collard,145.0,180.34,Orthodox
Joe Riggs,185.0,182.88,Southpaw
Sam Stout,155.0,175.26,Orthodox
Yves Jabouin,135.0,170.18,Orthodox
Chris Kelades,125.0,170.18,Orthodox
Jared Rosholt,265.0,187.96,Orthodox
Chris Dempsey,185.0,177.8,Orthodox
Anthony Christodoulou,155.0,175.26,Orthodox
Reginaldo Vieira,135.0,170.18,Orthodox
Rafael Feijao,205.0,185.42,Orthodox
Hugo Viana,135.0,167.64,Orthodox
Kenny Robertson,170.0,177.8,Orthodox
Daron Cruickshank,155.0,172.72,Switch
Ramsey Nijem,155.0,180.34,Orthodox
Mickael Lebout,155.0,180.34,Orthodox
Marcus Brimage,135.0,162.56,Southpaw
Frank Mir,264.0,190.5,Southpaw
Josh Thomson,155.0,177.8,Orthodox
Scott Jorgensen,135.0,165.1,Orthodox
Igor Araujo,170.0,185.42,Orthodox
Andrew Craig,170.0,185.42,Orthodox
Dan Miller,185.0,185.42,Orthodox
Darrell Montague,125.0,167.64,Southpaw
Mike Swick,170.0,185.42,Orthodox
Yosdenis Cedeno,155.0,172.72,Orthodox
Leandro Silva,155.0,175.26,Orthodox
Steve Montgomery,185.0,193.04,Southpaw
Danny Martinez,125.0,167.64,Orthodox
Dennis Siver,145.0,167.64,Orthodox
Alan Omer,145.0,177.8,Orthodox
Niklas Backstrom,145.0,185.42,Orthodox
Piotr Hallmann,155.0,175.26,Orthodox
Gilbert Melendez,145.0,175.26,Orthodox
Thiago Tavares,145.0,170.18,Orthodox
Brian Ebersole,170.0,182.88,Southpaw
Ricardo Abreu,185.0,180.34,Orthodox
KJ Noons,155.0,177.8,Orthodox
Wendell Oliveira,170.0,177.8,Orthodox
Lucas Martins,145.0,182.88,Southpaw
Luiz Dutra,170.0,180.34,Orthodox
Mark Munoz,185.0,182.88,Orthodox
Phillipe Nover,145.0,175.26,Orthodox
Mark Eddiva,145.0,172.72,Orthodox
Zhang Lipeng,155.0,180.34,Southpaw
Roldan Sangcha-an,125.0,162.56,Orthodox
Nolan Ticman,125.0,167.64,Orthodox
Hatsu Hioki,145.0,180.34,Orthodox
Dylan Andrews,185.0,185.42,Switch
Vik Grujic,170.0,180.34,Orthodox
Alptekin Ozkilic,125.0,165.1,Orthodox
Rampage Jackson,205.0,185.42,Orthodox
Eddie Gordon,185.0,182.88,Orthodox
Pawel Pawlak,170.0,182.88,Orthodox
Seth Baczynski,170.0,190.5,Orthodox
Bartosz Fabinski,170.0,182.88,Orthodox
Marcin Bandel,155.0,177.8,Orthodox
Ron Stallings,170.0,187.96,Southpaw
Leonardo Mafra,155.0,177.8,Orthodox
Jorge de Oliveira,155.0,172.72,Orthodox
Bentley Syler,125.0,162.56,Orthodox
Jake Lindsey,155.0,180.34,Switch
Roman Salazar,135.0,170.18,Orthodox
Masio Fullen,145.0,177.8,Orthodox
William Patolino,170.0,180.34,Orthodox
Ivan Jorge,155.0,175.26,Orthodox
Ian McCall,125.0,165.1,Orthodox
Richardson Moreira,185.0,187.96,Orthodox
Phil Davis,205.0,187.96,Orthodox
Akira Corassani,145.0,172.72,Orthodox
Andy Ogle,145.0,172.72,Orthodox
John Howard,170.0,170.18,Orthodox
Johnny Case,155.0,177.8,Orthodox
Matt Van Buren,205.0,195.58,Orthodox
Tateki Matsuda,125.0,170.18,Orthodox
Danny Castillo,155.0,175.26,Orthodox
Elias Silverio,155.0,180.34,Orthodox
Tom Niinimaki,145.0,175.26,Orthodox
Leandro Issa,135.0,170.18,Orthodox
Marcio Alexandre Junior,185.0,182.88,Southpaw
Jamie Varner,155.0,172.72,Orthodox
Joe Ellenberger,155.0,175.26,Orthodox
David Michaud,155.0,175.26,Orthodox
Todd Duffee,260.0,190.5,Orthodox
Matt Wiman,155.0,177.8,Orthodox
Ruslan Magomedov,242.0,190.5,Orthodox
Luke Barnatt,185.0,198.12,Orthodox
Yves Edwards,155.0,175.26,Southpaw
Juan Puig,145.0,175.26,Orthodox
Edgar Garcia,170.0,177.8,Orthodox
Caio Magalhaes,185.0,185.42,Orthodox
Wagner Silva,170.0,182.88,Orthodox
Soa Palelei,265.0,193.04,Orthodox
Luke Zachrich,185.0,187.96,Orthodox
Jumabieke Tuerxun,135.0,170.18,Orthodox
Fabricio Camoes,155.0,177.8,Orthodox
Tor Troeng,185.0,187.96,Orthodox
Manvel Gamburyan,135.0,165.1,Orthodox
Michinori Tanaka,135.0,165.1,Orthodox
Kazuki Tokudome,155.0,180.34,Southpaw
Paulo Thiago,170.0,180.34,Orthodox
Matt Mitrione,265.0,190.5,Switch
Sean Soriano,145.0,175.26,Orthodox
Ruan Potts,247.0,187.96,Orthodox
Francis Carmont,205.0,190.5,Orthodox
Aaron Phillips,135.0,175.26,Southpaw
Sai Wang,170.0,182.88,Southpaw
Roland Delorme,135.0,175.26,Orthodox
An Ying Wang,170.0,182.88,Orthodox
Tom Watson,185.0,185.42,Orthodox
Kyle Kingsbury,205.0,193.04,Orthodox
Hernani Perpetuo,170.0,182.88,Orthodox
Mike de la Torre,145.0,180.34,Orthodox
Akbarh Arreola,155.0,177.8,Southpaw
Andreas Stahl,170.0,180.34,Orthodox
Steven Siler,145.0,180.34,Orthodox
Cody Donovan,205.0,190.5,Orthodox
Justin Salas,155.0,172.72,Southpaw
Jesse Ronson,155.0,177.8,Southpaw
Patrick Walsh,185.0,180.34,Orthodox
Sarah Moras,135.0,170.18,Orthodox
Robert Drysdale,205.0,190.5,Orthodox
George Roop,135.0,185.42,Orthodox
Clint Hester,205.0,187.96,Orthodox
Colton Smith,155.0,182.88,Orthodox
Johnny Bedford,135.0,177.8,Orthodox
Marcelo Guimaraes,185.0,182.88,Orthodox
Chris Indich,170.0,177.8,Orthodox
Yaotzin Meza,145.0,175.26,Orthodox
Bobby Voelker,170.0,182.88,Orthodox
Rodrigo Damm,155.0,170.18,Orthodox
Vaughan Lee,125.0,167.64,Orthodox
Chris Holdsworth,135.0,180.34,Orthodox
Anthony Njokuani,155.0,185.42,Orthodox
Costas Philippou,185.0,180.34,Orthodox
Anthony Lapsley,170.0,175.26,Southpaw
Estevan Payan,145.0,177.8,Orthodox
Ryan Jimmo,205.0,185.42,Orthodox
Mark Bocek,155.0,172.72,Orthodox
Minotauro Nogueira,240.0,190.5,Orthodox
Ronny Markes,185.0,185.42,Orthodox
Thiago Perpetuo,170.0,177.8,Orthodox
Jake Shields,170.0,182.88,Orthodox
Sean Spencer,170.0,177.8,Orthodox
Renee Forte,155.0,170.18,Orthodox
Will Campuzano,125.0,175.26,Orthodox
Bubba McDaniel,185.0,190.5,Southpaw
Daniel Pineda,145.0,170.18,Orthodox
Cyrille Diabate,205.0,198.12,Southpaw
Phil Harris,125.0,162.56,Orthodox
Nam Phan,135.0,167.64,Orthodox
Albert Cheng,170.0,180.34,Orthodox
Cody Gibson,135.0,177.8,Orthodox
Rafaello Oliveira,155.0,172.72,Orthodox
Ernest Chavez,145.0,172.72,Orthodox
Cristiano Marcello,155.0,175.26,Orthodox
Ildemar Alcantara,185.0,187.96,Orthodox
Nick Catone,185.0,182.88,Southpaw
Chico Camus,125.0,167.64,Orthodox
Junior Hernandez,135.0,175.26,Orthodox
Isaac Vallie-Flagg,155.0,172.72,Orthodox
Charlie Brenneman,155.0,177.8,Orthodox
Royston Wee,135.0,170.18,Orthodox
Dustin Kimura,135.0,170.18,Orthodox
Chris Leben,185.0,180.34,Southpaw
Robert Peralta,145.0,172.72,Orthodox
Darren Uyenoyama,125.0,167.64,Orthodox
Pat Barry,235.0,180.34,Orthodox
Nick Ring,185.0,182.88,Southpaw
Bruno Santos,185.0,175.26,Orthodox
Ben Wall,155.0,177.8,Orthodox
Joshua Sampo,125.0,162.56,Orthodox
Georges St-Pierre,185.0,180.34,Orthodox
Josh Koscheck,170.0,177.8,Orthodox
Jason High,155.0,172.72,Southpaw
Jose Maria,125.0,165.1,Orthodox
Alessio Sakara,185.0,182.88,Orthodox
Jimy Hettes,145.0,175.26,Southpaw
George Sotiropoulos,155.0,177.8,Orthodox
TJ Waldburger,170.0,180.34,Orthodox
Jeremy Larsen,145.0,177.8,Orthodox
Dustin Pague,135.0,175.26,Orthodox
Thiago Silva,205.0,187.96,Orthodox
Rousimar Palhares,170.0,172.72,Orthodox
Iliarde Santos,125.0,165.1,Orthodox
Brendan Schaub,245.0,193.04,Orthodox
Pat Healy,155.0,182.88,Orthodox
Mike Ricci,155.0,182.88,Southpaw
Ivan Menjivar,145.0,167.64,Orthodox
Chris Clements,170.0,177.8,Orthodox
Nandor Guelmino,230.0,190.5,Orthodox
Marcos Vinicius,125.0,175.26,Orthodox
Joao Zeferino,170.0,180.34,Orthodox
Keith Wisniewski,170.0,182.88,Orthodox
Yuri Villefort,170.0,182.88,Orthodox
Louis Gaudinot,125.0,160.02,Orthodox
Pascal Krauss,170.0,185.42,Orthodox
Ryan Couture,155.0,177.8,Orthodox
Jared Hamman,185.0,190.5,Orthodox
Justin Edwards,155.0,177.8,Orthodox
James Head,170.0,185.42,Orthodox
Roger Bowling,155.0,175.26,Orthodox
Mike Brown,145.0,167.64,Orthodox
Vinny Magalhaes,205.0,190.5,Orthodox
Ednaldo Oliveira,205.0,195.58,Orthodox
Mac Danzig,155.0,172.72,Orthodox
Aaron Riley,155.0,172.72,Southpaw
John Albert,135.0,172.72,Orthodox
Mike Pierce,170.0,172.72,Orthodox
Sean Pierson,170.0,182.88,Southpaw
Brian Bowles,135.0,170.18,Orthodox
Leonard Garcia,145.0,177.8,Orthodox
Clifford Starks,185.0,182.88,Orthodox
Bristol Marunde,170.0,185.42,Orthodox
Justin Lawrence,145.0,172.72,Orthodox
Chris Spang,170.0,187.96,Orthodox
Benny Alloway,170.0,180.34,Orthodox
Michael Kuiper,185.0,182.88,Orthodox
Papy Abedi,185.0,180.34,Southpaw
Antonio Carvalho,145.0,175.26,Orthodox
Wanderlei Silva,205.0,180.34,Orthodox
Riki Fukuda,185.0,182.88,Southpaw
Jon Manley,170.0,185.42,Orthodox
Nah-Shon Burrell,170.0,180.34,Orthodox
Che Mills,170.0,185.42,Orthodox
Terry Etim,155.0,185.42,Orthodox
Paul Sass,155.0,182.88,Orthodox
Jon Fitch,170.0,182.88,Orthodox
Jacob Volkmann,155.0,175.26,Southpaw
Edwin Figueroa,135.0,170.18,Orthodox
TJ Grant,155.0,177.8,Orthodox
Mike Stumpf,170.0,177.8,Orthodox
Mike Russow,255.0,185.42,Orthodox
Simeon Thoresen,170.0,185.42,Orthodox
Diego Nunes,145.0,167.64,Orthodox
Wagner Prado,205.0,182.88,Southpaw
Melvin Guillard,155.0,175.26,Orthodox
Philip De Fries,250.0,195.58,Orthodox
Reuben Duran,135.0,170.18,Orthodox
Mike Rio,155.0,177.8,Orthodox
Jared Papazian,135.0,172.72,Southpaw
Colin Fletcher,155.0,187.96,Orthodox
Brendan Loughnane,145.0,177.8,Switch
Nick Penner,205.0,193.04,Southpaw
Marcus LeVesseur,155.0,175.26,Southpaw
Mark Hominick,145.0,172.72,Orthodox
Matthew Riddle,170.0,185.42,Southpaw
Rich Franklin,185.0,185.42,Southpaw
Tiequan Zhang,155.0,172.72,Orthodox
Yasuhiro Urushitani,125.0,165.1,Southpaw
Luiz Cane,185.0,187.96,Southpaw
Josh Neer,170.0,180.34,Orthodox
Aaron Simpson,170.0,182.88,Orthodox
Bart Palaszewski,145.0,175.26,Orthodox
Dan Hardy,170.0,182.88,Orthodox
John Hathaway,170.0,185.42,Orthodox
DaMarques Johnson,170.0,185.42,Orthodox
Jason Young,145.0,175.26,Orthodox
Matt Hamill,205.0,185.42,Orthodox
Ken Stone,135.0,172.72,Orthodox
Josh Grispi,145.0,180.34,Orthodox
Cheick Kongo,240.0,193.04,Orthodox
Karlos Vemola,185.0,182.88,Orthodox
Damacio Page,135.0,167.64,Orthodox
Forrest Griffin,205.0,190.5,Orthodox
Cung Le,185.0,175.26,Southpaw
John Alessio,155.0,177.8,Orthodox
Anistavio Medeiros,145.0,167.64,Orthodox
Delson Heleno,185.0,180.34,Orthodox
John Teixeira,145.0,170.18,Orthodox
Buddy Roberts,185.0,187.96,Orthodox
Henry Martinez,155.0,170.18,Southpaw
Jake Hecht,170.0,182.88,Orthodox
Jonathan Brookins,145.0,182.88,Southpaw
Jason Miller,185.0,185.42,Orthodox
Amir Sadollah,170.0,177.8,Orthodox
Jason MacDonald,185.0,190.5,Orthodox
Cody McKenzie,155.0,182.88,Switch
Jeff Curran,135.0,167.64,Orthodox
Alex Soto,135.0,172.72,Southpaw
Mike Massenzio,185.0,187.96,Southpaw
Miguel Torres,135.0,175.26,Orthodox
Brian Stann,205.0,185.42,Orthodox
Mackens Semerzier,145.0,175.26,Orthodox
Oli Thompson,242.0,185.42,Orthodox
Norifumi Yamamoto,135.0,162.56,Southpaw
Anton Kuivanen,155.0,172.72,Orthodox
Nick Diaz,185.0,185.42,Southpaw
Dan Stittgen,170.0,185.42,Orthodox
Chael Sonnen,205.0,185.42,Southpaw
Joey Beltran,185.0,185.42,Orthodox
Duane Ludwig,170.0,177.8,Orthodox
Mike Easton,135.0,167.64,Southpaw
Jorge Rivera,185.0,185.42,Orthodox
Kamal Shalorus,155.0,172.72,Orthodox
Joseph Sandoval,135.0,170.18,Southpaw
Ricardo Funch,170.0,177.8,Southpaw
Vladimir Matyushenko,205.0,182.88,Orthodox
Tito Ortiz,205.0,190.5,Orthodox
Claude Patrick,170.0,180.34,Orthodox
Krzysztof Soszynski,205.0,185.42,Open Stance
Walel Watson,135.0,180.34,Orthodox
Rich Attonito,170.0,177.8,Orthodox
Stephan Bonnar,205.0,193.04,Orthodox
Tom Lawlor,205.0,182.88,Southpaw
Aaron Rosa,205.0,193.04,Orthodox
John Maguire,155.0,175.26,Southpaw
Rob Broughton,265.0,187.96,Orthodox
Michihiro Omigawa,145.0,167.64,Orthodox
Chris Cope,170.0,182.88,Orthodox
Mirko Cro Cop,230.0,187.96,Southpaw
Tyson Griffin,145.0,167.64,Orthodox
Brandon Vera,230.0,190.5,Orthodox
Dustin Jacoby,185.0,193.04,Orthodox
Steve Cantwell,185.0,187.96,Orthodox
Shane Roller,155.0,177.8,Orthodox
Matt Hughes,170.0,175.26,Switch
Junior Assuncao,145.0,175.26,Orthodox
Alan Belcher,185.0,187.96,Orthodox
Clay Harvison,170.0,185.42,Orthodox
Dennis Hallman,155.0,175.26,Orthodox
Jeff Hougland,135.0,170.18,Orthodox
Christian Morecraft,260.0,198.12,Orthodox
Joe Stevenson,145.0,170.18,Orthodox
Daniel Roberts,170.0,177.8,Southpaw
Shane Carwin,265.0,187.96,Orthodox
Kenny Florian,145.0,177.8,Southpaw
Dave Herman,242.0,193.04,Orthodox
Vagner Rocha,155.0,177.8,Orthodox
Jesse Bongfeldt,185.0,182.88,Orthodox
Chuck O'Neil,170.0,187.96,Orthodox
Danny Downes,155.0,182.88,Orthodox
Ryan McGillivray,170.0,180.34,Orthodox
Kendall Grove,185.0,198.12,Orthodox
Cole Escovedo,135.0,170.18,Orthodox
Jon Madsen,240.0,182.88,Orthodox
Sean McCorkle,265.0,200.66,Orthodox
Mario Miranda,185.0,190.5,Orthodox
Waylon Lowe,145.0,170.18,Southpaw
Ricardo Almeida,170.0,182.88,Orthodox
Kurt Pellegrino,155.0,172.72,Orthodox
Rob Kimmons,185.0,177.8,Orthodox
Tom Blackledge,205.0,187.13,Orthodox
Maciej Jewtuszko,155.0,182.88,Southpaw
Paul Taylor,155.0,182.88,Orthodox
Phil Baroni,170.0,175.26,Orthodox
Joe Doerksen,185.0,182.88,Orthodox
Pat Audinwood,155.0,182.88,Orthodox
Ian Loveland,145.0,172.72,Orthodox
Sako Chivitchian,155.0,180.34,Orthodox
Fredson Paixao,145.0,167.64,Orthodox
Gerald Harris,185.0,180.34,Southpaw
Karo Parisyan,170.0,177.8,Orthodox
Mike Lullo,145.0,172.72,Orthodox
Paul Kelly,155.0,175.26,Orthodox
Seth Petruzelli,205.0,182.88,Orthodox
Kris McCray,170.0,182.88,Orthodox
Mike Guymon,170.0,182.88,Orthodox
James Wilks,170.0,185.42,Orthodox
Spencer Fisher,155.0,170.18,Southpaw
James McSweeney,230.0,193.04,Switch
Matt Serra,170.0,167.64,Orthodox
Sean Sherk,155.0,167.64,Orthodox
Steve Lopez,155.0,180.34,Orthodox
Tomasz Drwal,205.0,185.42,Orthodox
Brian Foster,170.0,175.26,Orthodox
Randy Couture,205.0,185.42,Orthodox
Andre Winner,155.0,180.34,Orthodox
Nick Osipczak,170.0,187.96,Orthodox
Dustin Hazelett,170.0,185.42,Orthodox
Rodney Wallace,205.0,175.26,Switch
Todd Brown,205.0,180.34,Orthodox
James Irvin,205.0,187.96,Orthodox
Chris Lytle,170.0,180.34,Orthodox
Forrest Petz,170.0,175.26,Orthodox
Keith Jardine,185.0,187.96,Orthodox
Jamie Yager,185.0,185.42,Orthodox
John Gunderson,155.0,175.26,Orthodox
Josh Bryant,185.0,177.8,Orthodox
Chuck Liddell,205.0,187.96,Orthodox
David Loiseau,185.0,182.88,Orthodox
Jason Brilz,205.0,180.34,Orthodox
Jesse Forbes,185.0,187.96,Southpaw
Kevin Ferguson,235.0,187.96,Orthodox
Marcus Davis,170.0,177.8,Southpaw
Yoshiyuki Yoshida,170.0,180.34,Southpaw
Nate Quarry,185.0,182.88,Open Stance
Rob Emerson,155.0,175.26,Orthodox
Caol Uno,155.0,170.18,Southpaw
Eliot Marshall,205.0,187.96,Orthodox
Eric Schafer,185.0,190.5,Orthodox
Chris Tuchscherer,258.0,187.96,Orthodox
Paul Daley,170.0,175.26,Orthodox
Martin Kampmann,170.0,182.88,Orthodox
Ryan Jensen,185.0,185.42,Orthodox
Jake Rosholt,185.0,185.42,Orthodox
Jesse Lennox,170.0,175.26,Orthodox
Mark Coleman,205.0,185.42,Orthodox
Shannon Gugerty,155.0,177.8,Orthodox
Brad Blackburn,170.0,177.8,Orthodox
Jason Dent,155.0,177.8,Orthodox
Drew McFedries,185.0,182.88,Southpaw
Brock Larson,170.0,180.34,Southpaw
Tim Hague,260.0,193.04,Orthodox
Kyle Bradley,155.0,175.26,Orthodox
Denis Kang,185.0,180.34,Orthodox
Tim Credeur,185.0,190.5,Orthodox
Shane Nelson,155.0,175.26,Southpaw
Mike Ciesnolevicz,235.0,182.88,Orthodox
Matt Veach,155.0,180.34,Orthodox
Jake O'Brien,205.0,190.5,Orthodox
Dan Cramer,170.0,187.96,Orthodox
Antoni Hardonk,245.0,193.04,Orthodox
Wilson Gouveia,185.0,185.42,Orthodox
Junie Browning,155.0,175.26,Orthodox
Rolando Delgado,155.0,190.5,Orthodox
Luigi Fioravanti,170.0,172.72,Orthodox
Steve Bruno,170.0,177.8,Orthodox
Dale Hartt,155.0,177.8,Orthodox
Justin McCully,225.0,185.42,Orthodox
Hermes Franca,155.0,167.64,Orthodox
Pete Sell,170.0,180.34,Orthodox
David Bielkheden,155.0,177.8,Orthodox
Per Eklund,155.0,177.8,Orthodox
Ryo Chonan,170.0,175.26,Orthodox
Chris Wilson,170.0,185.42,Orthodox
Kevin Burns,170.0,177.8,Orthodox
Rory Markham,170.0,182.88,Orthodox
Nate Loughran,185.0,187.96,Orthodox
Justin Buchholz,155.0,182.88,Orthodox
Dean Lister,185.0,185.42,Orthodox
Goran Reljic,205.0,190.5,Southpaw
Rameau Thierry Sokoudjou,205.0,177.8,Orthodox
Rich Clementi,155.0,175.26,Southpaw
Jason Day,185.0,182.88,Orthodox
Jonathan Goulet,170.0,182.88,Orthodox
Marcus Aurelio,155.0,177.8,Orthodox
Heath Herring,250.0,193.04,Orthodox
Jorge Gurgel,155.0,170.18,Orthodox
Marvin Eastman,185.0,175.26,Orthodox
Corey Hill,155.0,193.04,Orthodox
Eddie Sanchez,230.0,187.96,Orthodox
Roger Huerta,155.0,175.26,Orthodox
Jon Koppenhaver,170.0,180.34,Orthodox
Troy Mandaloniz,170.0,175.26,Orthodox
Matt Arroyo,170.0,177.8,Orthodox
Roman Mitichyan,170.0,177.8,Orthodox
Akihiro Gono,170.0,170.18,Switch
Tim Sylvia,265.0,203.2,Orthodox
Alvin Robinson,155.0,175.26,Southpaw
Matt Grice,145.0,172.72,Orthodox
Christian Wellisch,234.0,187.96,Orthodox
Luke Cummo,170.0,182.88,Orthodox
Houston Alexander,205.0,182.88,Orthodox
Jess Liaudin,170.0,175.26,Orthodox
Renato Sobral,205.0,185.42,Orthodox
Nate Mohr,155.0,175.26,Orthodox
Terry Martin,185.0,172.72,Orthodox
Kalib Starnes,185.0,190.5,Orthodox
Din Thomas,155.0,175.26,Orthodox
Drew Fickett,155.0,177.8,Orthodox
Kuniyoshi Hironaka,168.0,177.8,Orthodox
Jason Lambert,185.0,190.5,Orthodox
David Heath,205.0,180.34,Orthodox
Logan Clark,185.0,187.96,Orthodox
Travis Lutter,185.0,180.34,Orthodox
Pete Spratt,170.0,175.26,Orthodox
Scott Smith,185.0,182.88,Orthodox
Charles McCarthy,185.0,177.8,Orthodox
Carmelo Marrero,205.0,182.88,Orthodox
Tony DeSouza,170.0,182.88,Southpaw
Rory Singer,185.0,187.96,Orthodox
Anthony Torres,170.0,172.72,Orthodox
Jeff Monson,247.0,175.26,Orthodox
Rob MacDonald,205.0,190.5,Orthodox
Jorge Santiago,170.0,185.42,Orthodox
Mike Nickels,205.0,193.04,Orthodox
Jeremy Horn,185.0,185.42,Orthodox
Evan Tanner,185.0,182.88,Orthodox
David Terrell,185.0,185.42,Southpaw
Dan Christison,265.0,203.2,Orthodox
Tom Murphy,227.0,187.96,Southpaw
Marcio Cruz,232.0,193.04,Orthodox
Paul Buentello,245.0,187.96,Orthodox
Jason Von Flue,170.0,182.88,Orthodox
Sam Hoger,205.0,187.96,Orthodox
Nick Thompson,170.0,185.42,Orthodox
Branden Lee Hinkle,235.0,190.5,Orthodox
Matt Lindland,185.0,182.88,Southpaw
Trevor Prangley,185.0,185.42,Orthodox
Ivan Salaverry,185.0,182.88,Orthodox
Mike van Arsdale,205.0,187.96,Switch
Alex Karalexis,155.0,172.72,Orthodox
Mike Kyle,205.0,193.04,Orthodox
Frank Trigg,170.0,175.26,Southpaw
Justin Eilers,235.0,185.42,Orthodox
Ken Shamrock,205.0,185.42,Orthodox
Jonathan Wiezorek,250.0,190.5,Southpaw
Genki Sudo,155.0,175.26,Orthodox
Renato Verissimo,170.0,185.42,Orthodox
Lee Murray,185.0,190.5,Orthodox
Wesley Correira,260.0,190.5,Orthodox
Pedro Rizzo,241.0,185.42,Orthodox
Keith Rockel,185.0,182.88,Orthodox
Kimo Leopoldo,235.0,190.5,Orthodox
Vernon White,205.0,182.88,Southpaw
Falaniko Vitale,185.0,177.8,Orthodox
Dave Strasser,170.0,177.8,Orthodox
Gan McGee,265.0,208.28,Orthodox
Carlos Newton,170.0,175.26,Orthodox
Phillip Miller,185.0,180.34,Orthodox
Ricco Rodriguez,265.0,193.04,Orthodox
Ian Freeman,225.0,180.34,Orthodox
Mark Weir,185.0,187.96,Southpaw
Benji Radach,185.0,177.8,Orthodox
Tony Fryklund,185.0,182.88,Orthodox
Murilo Bustamante,183.0,187.96,Orthodox
Jens Pulver,145.0,170.18,Southpaw
Andrei Semenov,185.0,182.88,Orthodox
Kevin Randleman,205.0,177.8,Orthodox
Gil Castillo,170.0,175.26,Southpaw
Eugene Jackson,185.0,172.72,Orthodox
Dave Menne,170.0,177.8,Orthodox
Jutaro Nakao,170.0,175.26,Southpaw
Pat Miletich,170.0,177.8,Orthodox
Shonie Carter,170.0,177.8,Southpaw
Semmy Schilt,265.0,208.28,Orthodox
Fabiano Iha,155.0,172.72,Orthodox
Elvis Sinosic,205.0,190.5,Orthodox
Bobby Hoffman,245.0,187.96,Orthodox
Mark Hughes,205.0,175.26,Southpaw
Ben Earwood,170.0,172.72,Orthodox
Maurice Smith,221.0,187.96,Orthodox
Yuki Kondo,183.0,180.34,Southpaw
Brad Gumm,170.0,180.34,Orthodox
Tyrone Roberts,185.0,175.26,Orthodox
Amaury Bitetti,185.0,175.26,Orthodox
Sanae Kikuta,200.0,175.26,Orthodox
Ron Waterman,280.0,187.96,Orthodox
Ikuhisa Minowa,181.0,175.26,Orthodox
Laverne Clark,170.0,180.34,Orthodox
Tedd Williams,275.0,185.42,Orthodox
Lance Gibson,185.0,175.26,Orthodox
Bob Cook,170.0,175.26,Orthodox
Scott Adams,225.0,182.88,Southpaw
Kenichi Yamamoto,170.0,182.88,Orthodox
Joe Slick,199.0,182.88,Orthodox
Katsuhisa Fujii,205.0,182.88,Orthodox
Frank Shamrock,185.0,177.8,Orthodox
Tim Lajcik,225.0,185.42,Orthodox
Brad Kohler,220.0,175.26,Orthodox
John Lewis,155.0,182.88,Southpaw
Paul Jones,199.0,175.26,Orthodox
Tsuyoshi Kohsaka,225.0,180.34,Orthodox
Andre Roberts,345.0,187.96,Orthodox
Bas Rutten,205.0,185.42,Orthodox
Pete Williams,235.0,190.5,Orthodox
Marcelo Mello,170.0,170.18,Southpaw
Gary Goodridge,249.0,190.5,Orthodox
Sione Latu,215.0,182.88,Orthodox
Mikey Burnett,170.0,167.64,Orthodox
Ebenezer Fontes Braga,199.0,182.88,Orthodox
David Abbott,265.0,182.88,Switch
Jerry Bohlander,199.0,180.34,Orthodox
Kazushi Sakuraba,185.0,182.88,Southpaw
Tra Telligman,233.0,187.96,Orthodox
Mark Kerr,266.0,190.5,Switch
Dave Beneteau,250.0,187.96,Orthodox
Dwayne Cason,212.0,177.8,Orthodox
Alex Hunter,226.0,175.26,Orthodox
Kevin Jackson,199.0,177.8,Switch
Dan Bobish,345.0,187.96,Southpaw
Joe Moreira,195.0,180.34,Southpaw
Guy Mezger,200.0,185.42,Orthodox
Steven Graham,290.0,185.42,Orthodox
Enson Inoue,210.0,177.8,Orthodox
Jack Nilson,155.0,176.48,Orthodox
Scott Ferrozzo,323.0,180.34,Orthodox
Yoshiki Takahashi,199.0,180.34,Southpaw
Don Frye,219.0,185.42,Orthodox
Brian Johnston,230.0,190.5,Orthodox
Geza Kalman,200.0,185.42,Orthodox
Dan Severn,250.0,187.96,Southpaw
Mark Hall,190.0,182.88,Orthodox
Mark Schultz,200.0,175.26,Orthodox
Rafael Carino,245.0,203.2,Orthodox
Cal Worsham,230.0,180.34,Orthodox
Steve Nelmark,240.0,182.88,Orthodox
Paul Varelans,300.0,203.2,Orthodox
Oleg Taktarov,210.0,182.88,Orthodox
Marco Ruas,210.0,185.42,Orthodox
Remco Pardoel,260.0,190.5,Southpaw
Scott Bessac,245.0,193.04,Orthodox
Patrick Smith,225.0,187.96,Orthodox
Todd Medina,193.0,177.8,Southpaw
Jon Hess,295.0,200.66,Orthodox
Royce Gracie,175.0,185.42,Southpaw
Steve Jennum,215.0,177.8,Orthodox
Keith Hackney,200.0,180.34,Sideways
Harold Howard,240.0,187.96,Orthodox
Johnny Rhodes,210.0,182.88,Orthodox
Jason DeLucia,190.0,180.34,Southpaw
Orlando Wiet,170.0,177.8,Southpaw
Frank Hamaker,224.0,186.42,Orthodox
Scott Morris,210.0,177.8,Orthodox
Gerard Gordeau,216.0,195.58,Orthodox
Kevin Rosier,275.0,193.04,Orthodox
Valentina Shevchenko,125.0,165.1,Southpaw
Tatiana Suarez,115.0,165.1,Orthodox
Karolina Kowalkiewicz,115.0,160.02,Orthodox
Yan Xiaonan,115.0,165.1,Orthodox
Katlyn Chookagian,125.0,175.26,Orthodox
Tonya Evinger,135.0,170.18,Orthodox
Bea Malecki,135.0,175.26,Orthodox
Megan Anderson,145.0,182.88,Orthodox
Aspen Ladd,135.0,167.64,Orthodox
Rose Namajunas,115.0,165.1,Orthodox
Irene Aldana,135.0,175.26,Orthodox
Luana Carolina,125.0,167.64,Orthodox
Talita Bernardo,135.0,162.56,Orthodox
Macy Chiasson,135.0,180.34,Orthodox
Carla Esparza,115.0,154.94,Orthodox
Angela Hill,115.0,160.02,Orthodox
Roxanne Modafferi,125.0,170.18,Orthodox
Lauren Mueller,125.0,165.1,Orthodox
Marina Rodriguez,115.0,167.64,Orthodox
Sabina Mazo,125.0,170.18,Orthodox
Maycee Barber,125.0,165.1,Switch
Alexis Davis,125.0,167.64,Orthodox
Randa Markos,115.0,162.56,Orthodox
Molly McCann,125.0,162.56,Orthodox
Marion Reneau,135.0,167.64,Orthodox
Tecia Torres,115.0,154.94,Orthodox
Gina Mazany,135.0,167.64,Southpaw
Polyana Viana,115.0,165.1,Orthodox
Liz Carmouche,125.0,167.64,Orthodox
Veronica Macedo,125.0,162.56,Southpaw
Cortney Casey,115.0,170.18,Orthodox
Ashlee Evans-Smith,125.0,172.72,Orthodox
Alexandra Albu,115.0,157.48000000000005,Orthodox
Montana De La Rosa,125.0,170.18,Orthodox
Livinha Souza,115.0,165.1,Orthodox
Mara Romero Borella,125.0,167.64,Orthodox
Paige VanZant,115.0,162.56,Orthodox
Joanne Calderwood,125.0,167.64,Orthodox
Cat Zingano,145.0,167.64,Southpaw
Claudia Gadelha,115.0,162.56,Orthodox
Pannie Kianzad,145.0,170.18,Orthodox
Ji Yeon Kim,125.0,170.18,Orthodox
Julija Stoliarenko,145.0,170.18,Orthodox
Wu Yanan,125.0,172.72,Orthodox
Weili Zhang,115.0,162.56,Switch
Cynthia Calvillo,115.0,162.56,Orthodox
Raquel Pennington,135.0,170.18,Orthodox
Ashley Yoder,115.0,170.18,Southpaw
Sijara Eubanks,135.0,162.56,Orthodox
Michelle Waterson,115.0,160.02,Orthodox
Lina Lansberg,135.0,170.18,Orthodox
Mayra Bueno Silva,135.0,167.64,Orthodox
Jessica Andrade,115.0,154.94,Orthodox
Danielle Taylor,115.0,152.4,Orthodox
Joanna Jedrzejczyk,125.0,167.64,Orthodox
Jessica Aguilar,115.0,160.02,Orthodox
Jamie Moyle,115.0,154.94,Orthodox
Jessica-Rose Clark,125.0,165.1,Orthodox
Viviane Pereira,115.0,154.94,Orthodox
Holly Holm,145.0,172.72,Southpaw
Gillian Robertson,125.0,165.1,Orthodox
Alexa Grasso,115.0,165.1,Orthodox
Poliana Botelho,115.0,172.72,Orthodox
Amanda Nunes,145.0,172.72,Orthodox
Mackenzie Dern,115.0,162.56,Orthodox
Shana Dobson,125.0,167.64,Orthodox
Bec Rawlings,125.0,167.64,Orthodox
Sara McMann,135.0,167.64,Orthodox
Maryna Moroz,125.0,170.18,Orthodox
Maia Stevenson,115.0,162.56,Orthodox
Justine Kish,125.0,165.1,Orthodox
Kalindra Faria,125.0,170.18,Switch
Felice Herrig,115.0,162.56,Orthodox
Amanda Cooper,115.0,160.02,Switch
Nicco Montano,125.0,165.1,Southpaw
Barb Honchak,125.0,162.56,Orthodox
DeAnna Bennett,125.0,162.56,Orthodox
Christina Marks,125.0,170.18,Orthodox
Karine Gevorgyan,125.0,162.56,Orthodox
Ariel Beck,125.0,167.64,Orthodox
Kailin Curran,115.0,162.56,Orthodox
Alex Chambers,115.0,160.02,Orthodox
Pearl Gonzalez,115.0,162.56,Orthodox
Syuri Kondo,115.0,162.56,Orthodox
Leslie Smith,135.0,175.26,Orthodox
JJ Aldrich,125.0,165.1,Southpaw
Jessica Penne,115.0,165.1,Orthodox
Bethe Correia,135.0,165.1,Orthodox
Jocelyn Jones-Lybarger,115.0,170.18,Orthodox
Valerie Letourneau,115.0,170.18,Orthodox
Juliana Lima,115.0,165.1,Orthodox
Seohee Ham,115.0,157.48000000000005,Southpaw
Anna Elmose,115.0,160.02,Orthodox
Miesha Tate,135.0,167.64,Orthodox
Kelly Faszholz,135.0,172.72,Orthodox
Jessica Eye,125.0,167.64,Orthodox
Lauren Murphy,125.0,170.18,Orthodox
Germaine de Randamie,135.0,175.26,Orthodox
Sarah Kaufman,135.0,165.1,Orthodox
Ronda Rousey,135.0,170.18,Orthodox
Aisling Daly,115.0,157.48000000000005,Orthodox
Jessamyn Duke,135.0,180.34,Orthodox
Angela Magana,115.0,154.94,Orthodox
Jessica Rakoczy,115.0,170.18,Orthodox
Izabela Badurek,115.0,165.1,Orthodox
Julianna Pena,135.0,167.64,Orthodox
Larissa Pacheco,135.0,170.18,Orthodox
Alexis Dufresne,135.0,175.26,Orthodox
Emily Peters Kagan,115.0,160.02,Orthodox
Elizabeth Phillips,135.0,167.64,Orthodox
Julie Kedzie,135.0,165.1,Orthodox
Rosi Sexton,135.0,160.02,Orthodox
